row_index,beta,finders_share,r,patch_scale,sigma,q,c,v,C_birth
0,0.5,0.4,0.3,0.3,1.0,0.05,0.1,3.3333333333333335,3.5
1,0.5,0.4,0.3,0.3,1.0,0.05,0.3,3.3333333333333335,3.5
2,0.5,0.4,0.3,0.3,1.0,0.05,0.3,8.0,3.5
3,0.5,0.4,0.3,0.3,0.4,0.05,0.3,8.0,3.5
4,0.5,0.4,0.3,0.3,0.4,0.6833333333333333,0.3,8.0,3.5
5,0.5,0.4,0.3,0.3,0.4,0.6833333333333333,0.3,8.0,0.5
6,0.5,0.4,0.3,0.13333333333333336,0.4,0.6833333333333333,0.3,8.0,0.5
7,0.5,0.4,0.13333333333333336,0.13333333333333336,0.4,0.6833333333333333,0.3,8.0,0.5
8,0.5,0.8,0.13333333333333336,0.13333333333333336,0.4,0.6833333333333333,0.3,8.0,0.5
9,3.5,0.8,0.13333333333333336,0.13333333333333336,0.4,0.6833333333333333,0.3,8.0,0.5
10,5.0,0.2,0.21666666666666667,0.13333333333333336,1.0,0.05,0.3,8.0,5.0
11,5.0,0.2,0.21666666666666667,0.13333333333333336,0.4,0.05,0.3,8.0,5.0
12,5.0,0.2,0.21666666666666667,0.3,0.4,0.05,0.3,8.0,5.0
13,5.0,0.6000000000000001,0.21666666666666667,0.3,0.4,0.05,0.3,8.0,5.0
14,5.0,0.6000000000000001,0.21666666666666667,0.3,0.4,0.05,0.3,8.0,2.0
15,2.0,0.6000000000000001,0.21666666666666667,0.3,0.4,0.05,0.3,8.0,2.0
16,2.0,0.6000000000000001,0.21666666666666667,0.3,0.4,0.05,0.1,8.0,2.0
17,2.0,0.6000000000000001,0.21666666666666667,0.3,0.4,0.05,0.1,3.3333333333333335,2.0
18,2.0,0.6000000000000001,0.21666666666666667,0.3,0.4,0.6833333333333333,0.1,3.3333333333333335,2.0
19,2.0,0.6000000000000001,0.05,0.3,0.4,0.6833333333333333,0.1,3.3333333333333335,2.0
20,0.5,0.2,0.3,0.13333333333333336,1.0,1.0,0.1,8.0,3.5
21,0.5,0.6000000000000001,0.3,0.13333333333333336,1.0,1.0,0.1,8.0,3.5
22,0.5,0.6000000000000001,0.3,0.13333333333333336,0.4,1.0,0.1,8.0,3.5
23,0.5,0.6000000000000001,0.13333333333333336,0.13333333333333336,0.4,1.0,0.1,8.0,3.5
24,3.5,0.6000000000000001,0.13333333333333336,0.13333333333333336,0.4,1.0,0.1,8.0,3.5
25,3.5,0.6000000000000001,0.13333333333333336,0.13333333333333336,0.4,0.3666666666666667,0.1,8.0,3.5
26,3.5,0.6000000000000001,0.13333333333333336,0.3,0.4,0.3666666666666667,0.1,8.0,3.5
27,3.5,0.6000000000000001,0.13333333333333336,0.3,0.4,0.3666666666666667,0.1,3.3333333333333335,3.5
28,3.5,0.6000000000000001,0.13333333333333336,0.3,0.4,0.3666666666666667,0.3,3.3333333333333335,3.5
29,3.5,0.6000000000000001,0.13333333333333336,0.3,0.4,0.3666666666666667,0.3,3.3333333333333335,0.5
30,3.5,0.2,0.3,0.3,0.1,0.6833333333333333,0.0,8.0,0.5
31,3.5,0.6000000000000001,0.3,0.3,0.1,0.6833333333333333,0.0,8.0,0.5
32,0.5,0.6000000000000001,0.3,0.3,0.1,0.6833333333333333,0.0,8.0,0.5
33,0.5,0.6000000000000001,0.3,0.3,0.1,0.6833333333333333,0.0,8.0,3.5
34,0.5,0.6000000000000001,0.3,0.3,0.1,0.6833333333333333,0.19999999999999998,8.0,3.5
35,0.5,0.6000000000000001,0.3,0.13333333333333336,0.1,0.6833333333333333,0.19999999999999998,8.0,3.5
36,0.5,0.6000000000000001,0.3,0.13333333333333336,0.1,0.6833333333333333,0.19999999999999998,3.3333333333333335,3.5
37,0.5,0.6000000000000001,0.3,0.13333333333333336,0.1,0.05,0.19999999999999998,3.3333333333333335,3.5
38,0.5,0.6000000000000001,0.13333333333333336,0.13333333333333336,0.1,0.05,0.19999999999999998,3.3333333333333335,3.5
39,0.5,0.6000000000000001,0.13333333333333336,0.13333333333333336,0.7,0.05,0.19999999999999998,3.3333333333333335,3.5
40,5.0,0.6000000000000001,0.21666666666666667,0.13333333333333336,0.1,0.3666666666666667,0.19999999999999998,3.3333333333333335,0.5
41,5.0,0.6000000000000001,0.05,0.13333333333333336,0.1,0.3666666666666667,0.19999999999999998,3.3333333333333335,0.5
42,5.0,0.6000000000000001,0.05,0.13333333333333336,0.1,0.3666666666666667,0.19999999999999998,3.3333333333333335,3.5
43,5.0,0.6000000000000001,0.05,0.13333333333333336,0.1,0.3666666666666667,0.19999999999999998,8.0,3.5
44,5.0,0.6000000000000001,0.05,0.13333333333333336,0.1,1.0,0.19999999999999998,8.0,3.5
45,2.0,0.6000000000000001,0.05,0.13333333333333336,0.1,1.0,0.19999999999999998,8.0,3.5
46,2.0,0.6000000000000001,0.05,0.13333333333333336,0.1,1.0,0.0,8.0,3.5
47,2.0,0.6000000000000001,0.05,0.13333333333333336,0.7,1.0,0.0,8.0,3.5
48,2.0,0.6000000000000001,0.05,0.3,0.7,1.0,0.0,8.0,3.5
49,2.0,0.2,0.05,0.3,0.7,1.0,0.0,8.0,3.5
50,5.0,0.8,0.21666666666666667,0.13333333333333336,1.0,0.6833333333333333,0.3,3.3333333333333335,5.0
51,2.0,0.8,0.21666666666666667,0.13333333333333336,1.0,0.6833333333333333,0.3,3.3333333333333335,5.0
52,2.0,0.8,0.21666666666666667,0.3,1.0,0.6833333333333333,0.3,3.3333333333333335,5.0
53,2.0,0.8,0.21666666666666667,0.3,1.0,0.6833333333333333,0.3,3.3333333333333335,2.0
54,2.0,0.8,0.21666666666666667,0.3,1.0,0.6833333333333333,0.3,8.0,2.0
55,2.0,0.8,0.05,0.3,1.0,0.6833333333333333,0.3,8.0,2.0
56,2.0,0.8,0.05,0.3,1.0,0.6833333333333333,0.1,8.0,2.0
57,2.0,0.8,0.05,0.3,1.0,0.05,0.1,8.0,2.0
58,2.0,0.8,0.05,0.3,0.4,0.05,0.1,8.0,2.0
59,2.0,0.4,0.05,0.3,0.4,0.05,0.1,8.0,2.0
60,3.5,0.8,0.05,0.05,0.7,0.05,0.19999999999999998,8.0,5.0
61,3.5,0.8,0.05,0.21666666666666667,0.7,0.05,0.19999999999999998,8.0,5.0
62,3.5,0.8,0.05,0.21666666666666667,0.7,0.6833333333333333,0.19999999999999998,8.0,5.0
63,0.5,0.8,0.05,0.21666666666666667,0.7,0.6833333333333333,0.19999999999999998,8.0,5.0
64,0.5,0.8,0.05,0.21666666666666667,0.1,0.6833333333333333,0.19999999999999998,8.0,5.0
65,0.5,0.8,0.05,0.21666666666666667,0.1,0.6833333333333333,0.0,8.0,5.0
66,0.5,0.4,0.05,0.21666666666666667,0.1,0.6833333333333333,0.0,8.0,5.0
67,0.5,0.4,0.05,0.21666666666666667,0.1,0.6833333333333333,0.0,8.0,2.0
68,0.5,0.4,0.05,0.21666666666666667,0.1,0.6833333333333333,0.0,3.3333333333333335,2.0
69,0.5,0.4,0.21666666666666667,0.21666666666666667,0.1,0.6833333333333333,0.0,3.3333333333333335,2.0
70,5.0,0.4,0.3,0.05,1.0,0.6833333333333333,0.1,8.0,3.5
71,5.0,0.4,0.3,0.05,1.0,0.6833333333333333,0.1,8.0,0.5
72,5.0,0.4,0.3,0.21666666666666667,1.0,0.6833333333333333,0.1,8.0,0.5
73,5.0,0.8,0.3,0.21666666666666667,1.0,0.6833333333333333,0.1,8.0,0.5
74,5.0,0.8,0.3,0.21666666666666667,0.4,0.6833333333333333,0.1,8.0,0.5
75,5.0,0.8,0.3,0.21666666666666667,0.4,0.05,0.1,8.0,0.5
76,5.0,0.8,0.13333333333333336,0.21666666666666667,0.4,0.05,0.1,8.0,0.5
77,5.0,0.8,0.13333333333333336,0.21666666666666667,0.4,0.05,0.3,8.0,0.5
78,5.0,0.8,0.13333333333333336,0.21666666666666667,0.4,0.05,0.3,3.3333333333333335,0.5
79,2.0,0.8,0.13333333333333336,0.21666666666666667,0.4,0.05,0.3,3.3333333333333335,0.5
80,2.0,0.4,0.13333333333333336,0.05,1.0,0.05,0.19999999999999998,8.0,3.5
81,2.0,0.4,0.13333333333333336,0.05,1.0,0.05,0.0,8.0,3.5
82,5.0,0.4,0.13333333333333336,0.05,1.0,0.05,0.0,8.0,3.5
83,5.0,0.4,0.13333333333333336,0.05,1.0,0.05,0.0,3.3333333333333335,3.5
84,5.0,0.4,0.13333333333333336,0.05,1.0,0.05,0.0,3.3333333333333335,0.5
85,5.0,0.4,0.13333333333333336,0.21666666666666667,1.0,0.05,0.0,3.3333333333333335,0.5
86,5.0,0.4,0.13333333333333336,0.21666666666666667,1.0,0.6833333333333333,0.0,3.3333333333333335,0.5
87,5.0,0.4,0.13333333333333336,0.21666666666666667,0.4,0.6833333333333333,0.0,3.3333333333333335,0.5
88,5.0,0.4,0.3,0.21666666666666667,0.4,0.6833333333333333,0.0,3.3333333333333335,0.5
89,5.0,0.8,0.3,0.21666666666666667,0.4,0.6833333333333333,0.0,3.3333333333333335,0.5
90,2.0,0.6000000000000001,0.13333333333333336,0.21666666666666667,0.1,0.6833333333333333,0.0,5.666666666666666,5.0
91,2.0,0.6000000000000001,0.13333333333333336,0.21666666666666667,0.1,0.6833333333333333,0.0,1.0,5.0
92,2.0,0.6000000000000001,0.13333333333333336,0.21666666666666667,0.1,0.05,0.0,1.0,5.0
93,2.0,0.6000000000000001,0.13333333333333336,0.05,0.1,0.05,0.0,1.0,5.0
94,2.0,0.6000000000000001,0.13333333333333336,0.05,0.7,0.05,0.0,1.0,5.0
95,2.0,0.6000000000000001,0.13333333333333336,0.05,0.7,0.05,0.0,1.0,2.0
96,2.0,0.6000000000000001,0.13333333333333336,0.05,0.7,0.05,0.19999999999999998,1.0,2.0
97,2.0,0.2,0.13333333333333336,0.05,0.7,0.05,0.19999999999999998,1.0,2.0
98,2.0,0.2,0.3,0.05,0.7,0.05,0.19999999999999998,1.0,2.0
99,5.0,0.2,0.3,0.05,0.7,0.05,0.19999999999999998,1.0,2.0
100,2.0,0.4,0.05,0.05,0.1,1.0,0.1,3.3333333333333335,5.0
101,2.0,0.4,0.05,0.05,0.1,0.3666666666666667,0.1,3.3333333333333335,5.0
102,2.0,0.4,0.05,0.05,0.1,0.3666666666666667,0.3,3.3333333333333335,5.0
103,2.0,0.4,0.05,0.05,0.1,0.3666666666666667,0.3,3.3333333333333335,2.0
104,2.0,0.4,0.05,0.05,0.1,0.3666666666666667,0.3,8.0,2.0
105,2.0,0.4,0.05,0.21666666666666667,0.1,0.3666666666666667,0.3,8.0,2.0
106,2.0,0.4,0.05,0.21666666666666667,0.7,0.3666666666666667,0.3,8.0,2.0
107,2.0,0.4,0.21666666666666667,0.21666666666666667,0.7,0.3666666666666667,0.3,8.0,2.0
108,2.0,0.8,0.21666666666666667,0.21666666666666667,0.7,0.3666666666666667,0.3,8.0,2.0
109,5.0,0.8,0.21666666666666667,0.21666666666666667,0.7,0.3666666666666667,0.3,8.0,2.0
110,5.0,0.6000000000000001,0.21666666666666667,0.13333333333333336,0.4,0.05,0.19999999999999998,8.0,2.0
111,5.0,0.6000000000000001,0.21666666666666667,0.13333333333333336,1.0,0.05,0.19999999999999998,8.0,2.0
112,5.0,0.6000000000000001,0.21666666666666667,0.13333333333333336,1.0,0.6833333333333333,0.19999999999999998,8.0,2.0
113,5.0,0.6000000000000001,0.21666666666666667,0.13333333333333336,1.0,0.6833333333333333,0.19999999999999998,8.0,5.0
114,5.0,0.6000000000000001,0.21666666666666667,0.13333333333333336,1.0,0.6833333333333333,0.0,8.0,5.0
115,5.0,0.2,0.21666666666666667,0.13333333333333336,1.0,0.6833333333333333,0.0,8.0,5.0
116,2.0,0.2,0.21666666666666667,0.13333333333333336,1.0,0.6833333333333333,0.0,8.0,5.0
117,2.0,0.2,0.21666666666666667,0.13333333333333336,1.0,0.6833333333333333,0.0,3.3333333333333335,5.0
118,2.0,0.2,0.05,0.13333333333333336,1.0,0.6833333333333333,0.0,3.3333333333333335,5.0
119,2.0,0.2,0.05,0.3,1.0,0.6833333333333333,0.0,3.3333333333333335,5.0
120,3.5,0.6000000000000001,0.05,0.05,0.1,0.3666666666666667,0.3,1.0,2.0
121,3.5,0.6000000000000001,0.05,0.21666666666666667,0.1,0.3666666666666667,0.3,1.0,2.0
122,3.5,0.6000000000000001,0.05,0.21666666666666667,0.1,1.0,0.3,1.0,2.0
123,3.5,0.6000000000000001,0.05,0.21666666666666667,0.7,1.0,0.3,1.0,2.0
124,0.5,0.6000000000000001,0.05,0.21666666666666667,0.7,1.0,0.3,1.0,2.0
125,0.5,0.2,0.05,0.21666666666666667,0.7,1.0,0.3,1.0,2.0
126,0.5,0.2,0.05,0.21666666666666667,0.7,1.0,0.1,1.0,2.0
127,0.5,0.2,0.05,0.21666666666666667,0.7,1.0,0.1,5.666666666666666,2.0
128,0.5,0.2,0.05,0.21666666666666667,0.7,1.0,0.1,5.666666666666666,5.0
129,0.5,0.2,0.21666666666666667,0.21666666666666667,0.7,1.0,0.1,5.666666666666666,5.0
130,3.5,0.4,0.13333333333333336,0.05,0.7,1.0,0.19999999999999998,1.0,2.0
131,3.5,0.4,0.13333333333333336,0.05,0.7,1.0,0.0,1.0,2.0
132,3.5,0.4,0.13333333333333336,0.05,0.1,1.0,0.0,1.0,2.0
133,3.5,0.4,0.13333333333333336,0.05,0.1,0.3666666666666667,0.0,1.0,2.0
134,0.5,0.4,0.13333333333333336,0.05,0.1,0.3666666666666667,0.0,1.0,2.0
135,0.5,0.4,0.13333333333333336,0.21666666666666667,0.1,0.3666666666666667,0.0,1.0,2.0
136,0.5,0.8,0.13333333333333336,0.21666666666666667,0.1,0.3666666666666667,0.0,1.0,2.0
137,0.5,0.8,0.13333333333333336,0.21666666666666667,0.1,0.3666666666666667,0.0,1.0,5.0
138,0.5,0.8,0.3,0.21666666666666667,0.1,0.3666666666666667,0.0,1.0,5.0
139,0.5,0.8,0.3,0.21666666666666667,0.1,0.3666666666666667,0.0,5.666666666666666,5.0
140,5.0,0.6000000000000001,0.3,0.3,0.7,0.3666666666666667,0.1,3.3333333333333335,3.5
141,5.0,0.6000000000000001,0.3,0.3,0.7,0.3666666666666667,0.3,3.3333333333333335,3.5
142,5.0,0.6000000000000001,0.3,0.3,0.7,0.3666666666666667,0.3,3.3333333333333335,0.5
143,5.0,0.6000000000000001,0.3,0.3,0.7,0.3666666666666667,0.3,8.0,0.5
144,5.0,0.2,0.3,0.3,0.7,0.3666666666666667,0.3,8.0,0.5
145,5.0,0.2,0.3,0.3,0.7,1.0,0.3,8.0,0.5
146,5.0,0.2,0.13333333333333336,0.3,0.7,1.0,0.3,8.0,0.5
147,5.0,0.2,0.13333333333333336,0.13333333333333336,0.7,1.0,0.3,8.0,0.5
148,5.0,0.2,0.13333333333333336,0.13333333333333336,0.1,1.0,0.3,8.0,0.5
149,2.0,0.2,0.13333333333333336,0.13333333333333336,0.1,1.0,0.3,8.0,0.5
150,3.5,0.8,0.21666666666666667,0.05,1.0,0.6833333333333333,0.3,5.666666666666666,2.0
151,3.5,0.8,0.21666666666666667,0.21666666666666667,1.0,0.6833333333333333,0.3,5.666666666666666,2.0
152,0.5,0.8,0.21666666666666667,0.21666666666666667,1.0,0.6833333333333333,0.3,5.666666666666666,2.0
153,0.5,0.8,0.21666666666666667,0.21666666666666667,1.0,0.05,0.3,5.666666666666666,2.0
154,0.5,0.8,0.21666666666666667,0.21666666666666667,1.0,0.05,0.3,5.666666666666666,5.0
155,0.5,0.8,0.21666666666666667,0.21666666666666667,1.0,0.05,0.1,5.666666666666666,5.0
156,0.5,0.8,0.05,0.21666666666666667,1.0,0.05,0.1,5.666666666666666,5.0
157,0.5,0.8,0.05,0.21666666666666667,0.4,0.05,0.1,5.666666666666666,5.0
158,0.5,0.8,0.05,0.21666666666666667,0.4,0.05,0.1,1.0,5.0
159,0.5,0.4,0.05,0.21666666666666667,0.4,0.05,0.1,1.0,5.0
160,2.0,0.2,0.21666666666666667,0.21666666666666667,0.1,1.0,0.0,5.666666666666666,3.5
161,2.0,0.2,0.21666666666666667,0.21666666666666667,0.1,1.0,0.0,5.666666666666666,0.5
162,2.0,0.2,0.21666666666666667,0.21666666666666667,0.1,1.0,0.19999999999999998,5.666666666666666,0.5
163,2.0,0.2,0.21666666666666667,0.05,0.1,1.0,0.19999999999999998,5.666666666666666,0.5
164,5.0,0.2,0.21666666666666667,0.05,0.1,1.0,0.19999999999999998,5.666666666666666,0.5
165,5.0,0.2,0.21666666666666667,0.05,0.1,1.0,0.19999999999999998,1.0,0.5
166,5.0,0.2,0.21666666666666667,0.05,0.7,1.0,0.19999999999999998,1.0,0.5
167,5.0,0.2,0.05,0.05,0.7,1.0,0.19999999999999998,1.0,0.5
168,5.0,0.2,0.05,0.05,0.7,0.3666666666666667,0.19999999999999998,1.0,0.5
169,5.0,0.6000000000000001,0.05,0.05,0.7,0.3666666666666667,0.19999999999999998,1.0,0.5
170,2.0,0.4,0.21666666666666667,0.13333333333333336,1.0,0.3666666666666667,0.0,8.0,0.5
171,2.0,0.8,0.21666666666666667,0.13333333333333336,1.0,0.3666666666666667,0.0,8.0,0.5
172,2.0,0.8,0.21666666666666667,0.13333333333333336,1.0,0.3666666666666667,0.0,8.0,3.5
173,2.0,0.8,0.21666666666666667,0.13333333333333336,1.0,0.3666666666666667,0.19999999999999998,8.0,3.5
174,2.0,0.8,0.21666666666666667,0.13333333333333336,1.0,1.0,0.19999999999999998,8.0,3.5
175,2.0,0.8,0.21666666666666667,0.13333333333333336,1.0,1.0,0.19999999999999998,3.3333333333333335,3.5
176,2.0,0.8,0.21666666666666667,0.3,1.0,1.0,0.19999999999999998,3.3333333333333335,3.5
177,2.0,0.8,0.21666666666666667,0.3,0.4,1.0,0.19999999999999998,3.3333333333333335,3.5
178,2.0,0.8,0.05,0.3,0.4,1.0,0.19999999999999998,3.3333333333333335,3.5
179,5.0,0.8,0.05,0.3,0.4,1.0,0.19999999999999998,3.3333333333333335,3.5
180,0.5,0.2,0.13333333333333336,0.13333333333333336,0.1,0.05,0.0,5.666666666666666,2.0
181,0.5,0.2,0.13333333333333336,0.13333333333333336,0.7,0.05,0.0,5.666666666666666,2.0
182,0.5,0.2,0.13333333333333336,0.13333333333333336,0.7,0.6833333333333333,0.0,5.666666666666666,2.0
183,0.5,0.2,0.13333333333333336,0.13333333333333336,0.7,0.6833333333333333,0.0,5.666666666666666,5.0
184,0.5,0.6000000000000001,0.13333333333333336,0.13333333333333336,0.7,0.6833333333333333,0.0,5.666666666666666,5.0
185,0.5,0.6000000000000001,0.13333333333333336,0.3,0.7,0.6833333333333333,0.0,5.666666666666666,5.0
186,3.5,0.6000000000000001,0.13333333333333336,0.3,0.7,0.6833333333333333,0.0,5.666666666666666,5.0
187,3.5,0.6000000000000001,0.3,0.3,0.7,0.6833333333333333,0.0,5.666666666666666,5.0
188,3.5,0.6000000000000001,0.3,0.3,0.7,0.6833333333333333,0.19999999999999998,5.666666666666666,5.0
189,3.5,0.6000000000000001,0.3,0.3,0.7,0.6833333333333333,0.19999999999999998,1.0,5.0
190,3.5,0.8,0.21666666666666667,0.13333333333333336,0.1,0.05,0.3,8.0,3.5
191,3.5,0.8,0.21666666666666667,0.13333333333333336,0.1,0.05,0.3,3.3333333333333335,3.5
192,3.5,0.8,0.21666666666666667,0.13333333333333336,0.1,0.6833333333333333,0.3,3.3333333333333335,3.5
193,3.5,0.8,0.05,0.13333333333333336,0.1,0.6833333333333333,0.3,3.3333333333333335,3.5
194,3.5,0.8,0.05,0.13333333333333336,0.1,0.6833333333333333,0.3,3.3333333333333335,0.5
195,3.5,0.8,0.05,0.13333333333333336,0.7,0.6833333333333333,0.3,3.3333333333333335,0.5
196,3.5,0.4,0.05,0.13333333333333336,0.7,0.6833333333333333,0.3,3.3333333333333335,0.5
197,3.5,0.4,0.05,0.3,0.7,0.6833333333333333,0.3,3.3333333333333335,0.5
198,0.5,0.4,0.05,0.3,0.7,0.6833333333333333,0.3,3.3333333333333335,0.5
199,0.5,0.4,0.05,0.3,0.7,0.6833333333333333,0.1,3.3333333333333335,0.5
200,0.5,0.6000000000000001,0.13333333333333336,0.13333333333333336,0.7,0.05,0.19999999999999998,3.3333333333333335,3.5
201,0.5,0.6000000000000001,0.13333333333333336,0.13333333333333336,0.1,0.05,0.19999999999999998,3.3333333333333335,3.5
202,0.5,0.6000000000000001,0.13333333333333336,0.13333333333333336,0.1,0.05,0.0,3.3333333333333335,3.5
203,0.5,0.2,0.13333333333333336,0.13333333333333336,0.1,0.05,0.0,3.3333333333333335,3.5
204,0.5,0.2,0.13333333333333336,0.13333333333333336,0.1,0.05,0.0,8.0,3.5
205,0.5,0.2,0.13333333333333336,0.3,0.1,0.05,0.0,8.0,3.5
206,0.5,0.2,0.13333333333333336,0.3,0.1,0.05,0.0,8.0,0.5
207,0.5,0.2,0.3,0.3,0.1,0.05,0.0,8.0,0.5
208,0.5,0.2,0.3,0.3,0.1,0.6833333333333333,0.0,8.0,0.5
209,3.5,0.2,0.3,0.3,0.1,0.6833333333333333,0.0,8.0,0.5
210,2.0,0.4,0.3,0.05,0.4,0.3666666666666667,0.0,5.666666666666666,3.5
211,2.0,0.4,0.3,0.05,1.0,0.3666666666666667,0.0,5.666666666666666,3.5
212,2.0,0.4,0.3,0.05,1.0,0.3666666666666667,0.0,1.0,3.5
213,2.0,0.4,0.3,0.05,1.0,1.0,0.0,1.0,3.5
214,2.0,0.4,0.13333333333333336,0.05,1.0,1.0,0.0,1.0,3.5
215,2.0,0.4,0.13333333333333336,0.21666666666666667,1.0,1.0,0.0,1.0,3.5
216,2.0,0.4,0.13333333333333336,0.21666666666666667,1.0,1.0,0.0,1.0,0.5
217,2.0,0.8,0.13333333333333336,0.21666666666666667,1.0,1.0,0.0,1.0,0.5
218,2.0,0.8,0.13333333333333336,0.21666666666666667,1.0,1.0,0.19999999999999998,1.0,0.5
219,5.0,0.8,0.13333333333333336,0.21666666666666667,1.0,1.0,0.19999999999999998,1.0,0.5
220,3.5,0.4,0.3,0.05,1.0,0.05,0.3,8.0,2.0
221,3.5,0.4,0.3,0.05,1.0,0.6833333333333333,0.3,8.0,2.0
222,3.5,0.8,0.3,0.05,1.0,0.6833333333333333,0.3,8.0,2.0
223,3.5,0.8,0.3,0.05,1.0,0.6833333333333333,0.1,8.0,2.0
224,3.5,0.8,0.3,0.21666666666666667,1.0,0.6833333333333333,0.1,8.0,2.0
225,0.5,0.8,0.3,0.21666666666666667,1.0,0.6833333333333333,0.1,8.0,2.0
226,0.5,0.8,0.13333333333333336,0.21666666666666667,1.0,0.6833333333333333,0.1,8.0,2.0
227,0.5,0.8,0.13333333333333336,0.21666666666666667,1.0,0.6833333333333333,0.1,3.3333333333333335,2.0
228,0.5,0.8,0.13333333333333336,0.21666666666666667,1.0,0.6833333333333333,0.1,3.3333333333333335,5.0
229,0.5,0.8,0.13333333333333336,0.21666666666666667,0.4,0.6833333333333333,0.1,3.3333333333333335,5.0
230,2.0,0.4,0.05,0.13333333333333336,0.4,1.0,0.19999999999999998,1.0,2.0
231,5.0,0.4,0.05,0.13333333333333336,0.4,1.0,0.19999999999999998,1.0,2.0
232,5.0,0.4,0.05,0.13333333333333336,0.4,1.0,0.0,1.0,2.0
233,5.0,0.4,0.05,0.13333333333333336,0.4,1.0,0.0,5.666666666666666,2.0
234,5.0,0.4,0.05,0.13333333333333336,0.4,1.0,0.0,5.666666666666666,5.0
235,5.0,0.8,0.05,0.13333333333333336,0.4,1.0,0.0,5.666666666666666,5.0
236,5.0,0.8,0.05,0.13333333333333336,1.0,1.0,0.0,5.666666666666666,5.0
237,5.0,0.8,0.05,0.13333333333333336,1.0,0.3666666666666667,0.0,5.666666666666666,5.0
238,5.0,0.8,0.21666666666666667,0.13333333333333336,1.0,0.3666666666666667,0.0,5.666666666666666,5.0
239,5.0,0.8,0.21666666666666667,0.3,1.0,0.3666666666666667,0.0,5.666666666666666,5.0
240,5.0,0.8,0.05,0.21666666666666667,0.7,0.3666666666666667,0.19999999999999998,5.666666666666666,5.0
241,5.0,0.8,0.05,0.21666666666666667,0.1,0.3666666666666667,0.19999999999999998,5.666666666666666,5.0
242,5.0,0.4,0.05,0.21666666666666667,0.1,0.3666666666666667,0.19999999999999998,5.666666666666666,5.0
243,5.0,0.4,0.05,0.05,0.1,0.3666666666666667,0.19999999999999998,5.666666666666666,5.0
244,5.0,0.4,0.05,0.05,0.1,1.0,0.19999999999999998,5.666666666666666,5.0
245,5.0,0.4,0.05,0.05,0.1,1.0,0.19999999999999998,5.666666666666666,2.0
246,2.0,0.4,0.05,0.05,0.1,1.0,0.19999999999999998,5.666666666666666,2.0
247,2.0,0.4,0.05,0.05,0.1,1.0,0.19999999999999998,1.0,2.0
248,2.0,0.4,0.05,0.05,0.1,1.0,0.0,1.0,2.0
249,2.0,0.4,0.21666666666666667,0.05,0.1,1.0,0.0,1.0,2.0
250,2.0,0.4,0.13333333333333336,0.05,0.7,0.6833333333333333,0.0,5.666666666666666,0.5
251,2.0,0.4,0.13333333333333336,0.05,0.7,0.6833333333333333,0.0,5.666666666666666,3.5
252,2.0,0.4,0.13333333333333336,0.21666666666666667,0.7,0.6833333333333333,0.0,5.666666666666666,3.5
253,2.0,0.8,0.13333333333333336,0.21666666666666667,0.7,0.6833333333333333,0.0,5.666666666666666,3.5
254,2.0,0.8,0.13333333333333336,0.21666666666666667,0.7,0.05,0.0,5.666666666666666,3.5
255,2.0,0.8,0.13333333333333336,0.21666666666666667,0.7,0.05,0.19999999999999998,5.666666666666666,3.5
256,2.0,0.8,0.13333333333333336,0.21666666666666667,0.7,0.05,0.19999999999999998,1.0,3.5
257,5.0,0.8,0.13333333333333336,0.21666666666666667,0.7,0.05,0.19999999999999998,1.0,3.5
258,5.0,0.8,0.13333333333333336,0.21666666666666667,0.1,0.05,0.19999999999999998,1.0,3.5
259,5.0,0.8,0.3,0.21666666666666667,0.1,0.05,0.19999999999999998,1.0,3.5
260,3.5,0.2,0.05,0.13333333333333336,1.0,0.05,0.1,1.0,3.5
261,0.5,0.2,0.05,0.13333333333333336,1.0,0.05,0.1,1.0,3.5
262,0.5,0.2,0.05,0.13333333333333336,1.0,0.05,0.1,5.666666666666666,3.5
263,0.5,0.2,0.05,0.13333333333333336,1.0,0.05,0.3,5.666666666666666,3.5
264,0.5,0.2,0.05,0.13333333333333336,1.0,0.05,0.3,5.666666666666666,0.5
265,0.5,0.6000000000000001,0.05,0.13333333333333336,1.0,0.05,0.3,5.666666666666666,0.5
266,0.5,0.6000000000000001,0.05,0.3,1.0,0.05,0.3,5.666666666666666,0.5
267,0.5,0.6000000000000001,0.05,0.3,1.0,0.6833333333333333,0.3,5.666666666666666,0.5
268,0.5,0.6000000000000001,0.05,0.3,0.4,0.6833333333333333,0.3,5.666666666666666,0.5
269,0.5,0.6000000000000001,0.21666666666666667,0.3,0.4,0.6833333333333333,0.3,5.666666666666666,0.5
270,5.0,0.8,0.3,0.13333333333333336,0.7,0.3666666666666667,0.3,3.3333333333333335,0.5
271,5.0,0.8,0.3,0.13333333333333336,0.7,0.3666666666666667,0.1,3.3333333333333335,0.5
272,5.0,0.8,0.3,0.13333333333333336,0.7,0.3666666666666667,0.1,8.0,0.5
273,5.0,0.8,0.3,0.3,0.7,0.3666666666666667,0.1,8.0,0.5
274,5.0,0.4,0.3,0.3,0.7,0.3666666666666667,0.1,8.0,0.5
275,2.0,0.4,0.3,0.3,0.7,0.3666666666666667,0.1,8.0,0.5
276,2.0,0.4,0.3,0.3,0.1,0.3666666666666667,0.1,8.0,0.5
277,2.0,0.4,0.3,0.3,0.1,0.3666666666666667,0.1,8.0,3.5
278,2.0,0.4,0.13333333333333336,0.3,0.1,0.3666666666666667,0.1,8.0,3.5
279,2.0,0.4,0.13333333333333336,0.3,0.1,1.0,0.1,8.0,3.5
280,5.0,0.6000000000000001,0.21666666666666667,0.13333333333333336,0.4,1.0,0.0,1.0,2.0
281,2.0,0.6000000000000001,0.21666666666666667,0.13333333333333336,0.4,1.0,0.0,1.0,2.0
282,2.0,0.2,0.21666666666666667,0.13333333333333336,0.4,1.0,0.0,1.0,2.0
283,2.0,0.2,0.21666666666666667,0.13333333333333336,0.4,1.0,0.0,1.0,5.0
284,2.0,0.2,0.21666666666666667,0.13333333333333336,0.4,1.0,0.19999999999999998,1.0,5.0
285,2.0,0.2,0.05,0.13333333333333336,0.4,1.0,0.19999999999999998,1.0,5.0
286,2.0,0.2,0.05,0.13333333333333336,0.4,1.0,0.19999999999999998,5.666666666666666,5.0
287,2.0,0.2,0.05,0.13333333333333336,1.0,1.0,0.19999999999999998,5.666666666666666,5.0
288,2.0,0.2,0.05,0.13333333333333336,1.0,0.3666666666666667,0.19999999999999998,5.666666666666666,5.0
289,2.0,0.2,0.05,0.3,1.0,0.3666666666666667,0.19999999999999998,5.666666666666666,5.0
290,3.5,0.2,0.21666666666666667,0.13333333333333336,1.0,0.3666666666666667,0.3,5.666666666666666,5.0
291,3.5,0.2,0.21666666666666667,0.13333333333333336,1.0,0.3666666666666667,0.1,5.666666666666666,5.0
292,3.5,0.6000000000000001,0.21666666666666667,0.13333333333333336,1.0,0.3666666666666667,0.1,5.666666666666666,5.0
293,3.5,0.6000000000000001,0.21666666666666667,0.3,1.0,0.3666666666666667,0.1,5.666666666666666,5.0
294,3.5,0.6000000000000001,0.21666666666666667,0.3,1.0,0.3666666666666667,0.1,1.0,5.0
295,3.5,0.6000000000000001,0.21666666666666667,0.3,1.0,1.0,0.1,1.0,5.0
296,3.5,0.6000000000000001,0.21666666666666667,0.3,1.0,1.0,0.1,1.0,2.0
297,0.5,0.6000000000000001,0.21666666666666667,0.3,1.0,1.0,0.1,1.0,2.0
298,0.5,0.6000000000000001,0.21666666666666667,0.3,0.4,1.0,0.1,1.0,2.0
299,0.5,0.6000000000000001,0.05,0.3,0.4,1.0,0.1,1.0,2.0
300,2.0,0.6000000000000001,0.21666666666666667,0.3,0.7,1.0,0.3,3.3333333333333335,3.5
301,2.0,0.2,0.21666666666666667,0.3,0.7,1.0,0.3,3.3333333333333335,3.5
302,2.0,0.2,0.21666666666666667,0.3,0.1,1.0,0.3,3.3333333333333335,3.5
303,2.0,0.2,0.21666666666666667,0.3,0.1,1.0,0.1,3.3333333333333335,3.5
304,5.0,0.2,0.21666666666666667,0.3,0.1,1.0,0.1,3.3333333333333335,3.5
305,5.0,0.2,0.21666666666666667,0.13333333333333336,0.1,1.0,0.1,3.3333333333333335,3.5
306,5.0,0.2,0.05,0.13333333333333336,0.1,1.0,0.1,3.3333333333333335,3.5
307,5.0,0.2,0.05,0.13333333333333336,0.1,1.0,0.1,8.0,3.5
308,5.0,0.2,0.05,0.13333333333333336,0.1,0.3666666666666667,0.1,8.0,3.5
309,5.0,0.2,0.05,0.13333333333333336,0.1,0.3666666666666667,0.1,8.0,0.5
310,5.0,0.8,0.05,0.05,0.7,1.0,0.19999999999999998,1.0,3.5
311,5.0,0.8,0.05,0.05,0.7,1.0,0.19999999999999998,1.0,0.5
312,5.0,0.8,0.05,0.05,0.7,1.0,0.19999999999999998,5.666666666666666,0.5
313,5.0,0.8,0.05,0.05,0.7,1.0,0.0,5.666666666666666,0.5
314,5.0,0.8,0.05,0.05,0.1,1.0,0.0,5.666666666666666,0.5
315,2.0,0.8,0.05,0.05,0.1,1.0,0.0,5.666666666666666,0.5
316,2.0,0.8,0.21666666666666667,0.05,0.1,1.0,0.0,5.666666666666666,0.5
317,2.0,0.8,0.21666666666666667,0.05,0.1,0.3666666666666667,0.0,5.666666666666666,0.5
318,2.0,0.8,0.21666666666666667,0.21666666666666667,0.1,0.3666666666666667,0.0,5.666666666666666,0.5
319,2.0,0.4,0.21666666666666667,0.21666666666666667,0.1,0.3666666666666667,0.0,5.666666666666666,0.5
320,0.5,0.6000000000000001,0.3,0.05,0.1,0.3666666666666667,0.1,3.3333333333333335,3.5
321,0.5,0.6000000000000001,0.3,0.05,0.1,0.3666666666666667,0.1,8.0,3.5
322,0.5,0.6000000000000001,0.3,0.05,0.1,0.3666666666666667,0.1,8.0,0.5
323,0.5,0.6000000000000001,0.3,0.21666666666666667,0.1,0.3666666666666667,0.1,8.0,0.5
324,3.5,0.6000000000000001,0.3,0.21666666666666667,0.1,0.3666666666666667,0.1,8.0,0.5
325,3.5,0.6000000000000001,0.13333333333333336,0.21666666666666667,0.1,0.3666666666666667,0.1,8.0,0.5
326,3.5,0.6000000000000001,0.13333333333333336,0.21666666666666667,0.7,0.3666666666666667,0.1,8.0,0.5
327,3.5,0.6000000000000001,0.13333333333333336,0.21666666666666667,0.7,1.0,0.1,8.0,0.5
328,3.5,0.2,0.13333333333333336,0.21666666666666667,0.7,1.0,0.1,8.0,0.5
329,3.5,0.2,0.13333333333333336,0.21666666666666667,0.7,1.0,0.3,8.0,0.5
330,3.5,0.8,0.05,0.13333333333333336,1.0,0.3666666666666667,0.3,8.0,5.0
331,3.5,0.8,0.05,0.13333333333333336,1.0,0.3666666666666667,0.3,8.0,2.0
332,3.5,0.8,0.05,0.13333333333333336,1.0,0.3666666666666667,0.3,3.3333333333333335,2.0
333,3.5,0.8,0.05,0.3,1.0,0.3666666666666667,0.3,3.3333333333333335,2.0
334,3.5,0.8,0.05,0.3,1.0,1.0,0.3,3.3333333333333335,2.0
335,3.5,0.8,0.21666666666666667,0.3,1.0,1.0,0.3,3.3333333333333335,2.0
336,3.5,0.8,0.21666666666666667,0.3,0.4,1.0,0.3,3.3333333333333335,2.0
337,0.5,0.8,0.21666666666666667,0.3,0.4,1.0,0.3,3.3333333333333335,2.0
338,0.5,0.8,0.21666666666666667,0.3,0.4,1.0,0.1,3.3333333333333335,2.0
339,0.5,0.4,0.21666666666666667,0.3,0.4,1.0,0.1,3.3333333333333335,2.0
340,2.0,0.8,0.21666666666666667,0.3,1.0,1.0,0.1,5.666666666666666,2.0
341,2.0,0.8,0.21666666666666667,0.13333333333333336,1.0,1.0,0.1,5.666666666666666,2.0
342,2.0,0.8,0.21666666666666667,0.13333333333333336,1.0,0.3666666666666667,0.1,5.666666666666666,2.0
343,2.0,0.8,0.21666666666666667,0.13333333333333336,1.0,0.3666666666666667,0.1,5.666666666666666,5.0
344,2.0,0.8,0.05,0.13333333333333336,1.0,0.3666666666666667,0.1,5.666666666666666,5.0
345,5.0,0.8,0.05,0.13333333333333336,1.0,0.3666666666666667,0.1,5.666666666666666,5.0
346,5.0,0.4,0.05,0.13333333333333336,1.0,0.3666666666666667,0.1,5.666666666666666,5.0
347,5.0,0.4,0.05,0.13333333333333336,1.0,0.3666666666666667,0.3,5.666666666666666,5.0
348,5.0,0.4,0.05,0.13333333333333336,0.4,0.3666666666666667,0.3,5.666666666666666,5.0
349,5.0,0.4,0.05,0.13333333333333336,0.4,0.3666666666666667,0.3,1.0,5.0
350,3.5,0.6000000000000001,0.21666666666666667,0.21666666666666667,0.1,0.05,0.3,3.3333333333333335,3.5
351,3.5,0.2,0.21666666666666667,0.21666666666666667,0.1,0.05,0.3,3.3333333333333335,3.5
352,3.5,0.2,0.21666666666666667,0.21666666666666667,0.1,0.05,0.3,3.3333333333333335,0.5
353,3.5,0.2,0.21666666666666667,0.21666666666666667,0.1,0.05,0.1,3.3333333333333335,0.5
354,3.5,0.2,0.21666666666666667,0.21666666666666667,0.7,0.05,0.1,3.3333333333333335,0.5
355,0.5,0.2,0.21666666666666667,0.21666666666666667,0.7,0.05,0.1,3.3333333333333335,0.5
356,0.5,0.2,0.05,0.21666666666666667,0.7,0.05,0.1,3.3333333333333335,0.5
357,0.5,0.2,0.05,0.21666666666666667,0.7,0.05,0.1,8.0,0.5
358,0.5,0.2,0.05,0.05,0.7,0.05,0.1,8.0,0.5
359,0.5,0.2,0.05,0.05,0.7,0.6833333333333333,0.1,8.0,0.5
360,2.0,0.2,0.21666666666666667,0.13333333333333336,0.4,0.6833333333333333,0.0,3.3333333333333335,2.0
361,2.0,0.2,0.21666666666666667,0.13333333333333336,1.0,0.6833333333333333,0.0,3.3333333333333335,2.0
362,2.0,0.2,0.21666666666666667,0.3,1.0,0.6833333333333333,0.0,3.3333333333333335,2.0
363,2.0,0.6000000000000001,0.21666666666666667,0.3,1.0,0.6833333333333333,0.0,3.3333333333333335,2.0
364,5.0,0.6000000000000001,0.21666666666666667,0.3,1.0,0.6833333333333333,0.0,3.3333333333333335,2.0
365,5.0,0.6000000000000001,0.21666666666666667,0.3,1.0,0.05,0.0,3.3333333333333335,2.0
366,5.0,0.6000000000000001,0.21666666666666667,0.3,1.0,0.05,0.0,8.0,2.0
367,5.0,0.6000000000000001,0.21666666666666667,0.3,1.0,0.05,0.19999999999999998,8.0,2.0
368,5.0,0.6000000000000001,0.05,0.3,1.0,0.05,0.19999999999999998,8.0,2.0
369,5.0,0.6000000000000001,0.05,0.3,1.0,0.05,0.19999999999999998,8.0,5.0
370,2.0,0.2,0.3,0.3,1.0,0.6833333333333333,0.0,1.0,5.0
371,2.0,0.2,0.3,0.3,1.0,0.6833333333333333,0.0,5.666666666666666,5.0
372,2.0,0.2,0.3,0.3,1.0,0.05,0.0,5.666666666666666,5.0
373,5.0,0.2,0.3,0.3,1.0,0.05,0.0,5.666666666666666,5.0
374,5.0,0.2,0.3,0.3,1.0,0.05,0.19999999999999998,5.666666666666666,5.0
375,5.0,0.2,0.13333333333333336,0.3,1.0,0.05,0.19999999999999998,5.666666666666666,5.0
376,5.0,0.2,0.13333333333333336,0.3,1.0,0.05,0.19999999999999998,5.666666666666666,2.0
377,5.0,0.2,0.13333333333333336,0.3,0.4,0.05,0.19999999999999998,5.666666666666666,2.0
378,5.0,0.2,0.13333333333333336,0.13333333333333336,0.4,0.05,0.19999999999999998,5.666666666666666,2.0
379,5.0,0.6000000000000001,0.13333333333333336,0.13333333333333336,0.4,0.05,0.19999999999999998,5.666666666666666,2.0
380,2.0,0.8,0.13333333333333336,0.13333333333333336,0.4,0.3666666666666667,0.1,1.0,3.5
381,2.0,0.8,0.13333333333333336,0.13333333333333336,0.4,1.0,0.1,1.0,3.5
382,2.0,0.8,0.13333333333333336,0.13333333333333336,0.4,1.0,0.1,5.666666666666666,3.5
383,2.0,0.8,0.13333333333333336,0.13333333333333336,0.4,1.0,0.3,5.666666666666666,3.5
384,2.0,0.8,0.13333333333333336,0.13333333333333336,1.0,1.0,0.3,5.666666666666666,3.5
385,2.0,0.8,0.13333333333333336,0.13333333333333336,1.0,1.0,0.3,5.666666666666666,0.5
386,5.0,0.8,0.13333333333333336,0.13333333333333336,1.0,1.0,0.3,5.666666666666666,0.5
387,5.0,0.4,0.13333333333333336,0.13333333333333336,1.0,1.0,0.3,5.666666666666666,0.5
388,5.0,0.4,0.3,0.13333333333333336,1.0,1.0,0.3,5.666666666666666,0.5
389,5.0,0.4,0.3,0.3,1.0,1.0,0.3,5.666666666666666,0.5
390,5.0,0.4,0.05,0.21666666666666667,0.4,0.05,0.1,5.666666666666666,0.5
391,5.0,0.4,0.05,0.21666666666666667,0.4,0.6833333333333333,0.1,5.666666666666666,0.5
392,5.0,0.8,0.05,0.21666666666666667,0.4,0.6833333333333333,0.1,5.666666666666666,0.5
393,2.0,0.8,0.05,0.21666666666666667,0.4,0.6833333333333333,0.1,5.666666666666666,0.5
394,2.0,0.8,0.05,0.21666666666666667,0.4,0.6833333333333333,0.3,5.666666666666666,0.5
395,2.0,0.8,0.05,0.21666666666666667,0.4,0.6833333333333333,0.3,1.0,0.5
396,2.0,0.8,0.05,0.21666666666666667,0.4,0.6833333333333333,0.3,1.0,3.5
397,2.0,0.8,0.05,0.05,0.4,0.6833333333333333,0.3,1.0,3.5
398,2.0,0.8,0.05,0.05,1.0,0.6833333333333333,0.3,1.0,3.5
399,2.0,0.8,0.21666666666666667,0.05,1.0,0.6833333333333333,0.3,1.0,3.5
400,2.0,0.4,0.05,0.05,1.0,0.3666666666666667,0.3,5.666666666666666,5.0
401,2.0,0.4,0.05,0.05,1.0,0.3666666666666667,0.3,5.666666666666666,2.0
402,2.0,0.4,0.05,0.05,0.4,0.3666666666666667,0.3,5.666666666666666,2.0
403,2.0,0.8,0.05,0.05,0.4,0.3666666666666667,0.3,5.666666666666666,2.0
404,2.0,0.8,0.05,0.21666666666666667,0.4,0.3666666666666667,0.3,5.666666666666666,2.0
405,2.0,0.8,0.21666666666666667,0.21666666666666667,0.4,0.3666666666666667,0.3,5.666666666666666,2.0
406,2.0,0.8,0.21666666666666667,0.21666666666666667,0.4,0.3666666666666667,0.3,1.0,2.0
407,2.0,0.8,0.21666666666666667,0.21666666666666667,0.4,0.3666666666666667,0.1,1.0,2.0
408,2.0,0.8,0.21666666666666667,0.21666666666666667,0.4,1.0,0.1,1.0,2.0
409,5.0,0.8,0.21666666666666667,0.21666666666666667,0.4,1.0,0.1,1.0,2.0
410,3.5,0.6000000000000001,0.13333333333333336,0.05,0.7,0.3666666666666667,0.0,5.666666666666666,0.5
411,3.5,0.6000000000000001,0.13333333333333336,0.05,0.7,0.3666666666666667,0.0,1.0,0.5
412,3.5,0.6000000000000001,0.13333333333333336,0.05,0.7,0.3666666666666667,0.19999999999999998,1.0,0.5
413,3.5,0.6000000000000001,0.13333333333333336,0.05,0.7,0.3666666666666667,0.19999999999999998,1.0,3.5
414,3.5,0.6000000000000001,0.13333333333333336,0.05,0.7,1.0,0.19999999999999998,1.0,3.5
415,0.5,0.6000000000000001,0.13333333333333336,0.05,0.7,1.0,0.19999999999999998,1.0,3.5
416,0.5,0.2,0.13333333333333336,0.05,0.7,1.0,0.19999999999999998,1.0,3.5
417,0.5,0.2,0.13333333333333336,0.21666666666666667,0.7,1.0,0.19999999999999998,1.0,3.5
418,0.5,0.2,0.3,0.21666666666666667,0.7,1.0,0.19999999999999998,1.0,3.5
419,0.5,0.2,0.3,0.21666666666666667,0.1,1.0,0.19999999999999998,1.0,3.5
420,3.5,0.2,0.3,0.13333333333333336,0.7,1.0,0.0,3.3333333333333335,5.0
421,3.5,0.2,0.3,0.13333333333333336,0.7,1.0,0.0,8.0,5.0
422,3.5,0.2,0.3,0.13333333333333336,0.7,1.0,0.0,8.0,2.0
423,3.5,0.2,0.3,0.13333333333333336,0.7,1.0,0.19999999999999998,8.0,2.0
424,3.5,0.2,0.3,0.13333333333333336,0.1,1.0,0.19999999999999998,8.0,2.0
425,3.5,0.2,0.3,0.3,0.1,1.0,0.19999999999999998,8.0,2.0
426,3.5,0.6000000000000001,0.3,0.3,0.1,1.0,0.19999999999999998,8.0,2.0
427,3.5,0.6000000000000001,0.13333333333333336,0.3,0.1,1.0,0.19999999999999998,8.0,2.0
428,3.5,0.6000000000000001,0.13333333333333336,0.3,0.1,0.3666666666666667,0.19999999999999998,8.0,2.0
429,0.5,0.6000000000000001,0.13333333333333336,0.3,0.1,0.3666666666666667,0.19999999999999998,8.0,2.0
430,0.5,0.6000000000000001,0.13333333333333336,0.05,0.7,0.3666666666666667,0.19999999999999998,3.3333333333333335,5.0
431,0.5,0.2,0.13333333333333336,0.05,0.7,0.3666666666666667,0.19999999999999998,3.3333333333333335,5.0
432,0.5,0.2,0.13333333333333336,0.05,0.7,0.3666666666666667,0.19999999999999998,8.0,5.0
433,0.5,0.2,0.13333333333333336,0.05,0.7,0.3666666666666667,0.0,8.0,5.0
434,0.5,0.2,0.13333333333333336,0.05,0.7,1.0,0.0,8.0,5.0
435,0.5,0.2,0.13333333333333336,0.21666666666666667,0.7,1.0,0.0,8.0,5.0
436,0.5,0.2,0.3,0.21666666666666667,0.7,1.0,0.0,8.0,5.0
437,0.5,0.2,0.3,0.21666666666666667,0.1,1.0,0.0,8.0,5.0
438,3.5,0.2,0.3,0.21666666666666667,0.1,1.0,0.0,8.0,5.0
439,3.5,0.2,0.3,0.21666666666666667,0.1,1.0,0.0,8.0,2.0
440,0.5,0.8,0.13333333333333336,0.3,0.4,0.6833333333333333,0.0,5.666666666666666,2.0
441,0.5,0.8,0.13333333333333336,0.3,0.4,0.6833333333333333,0.0,5.666666666666666,5.0
442,0.5,0.4,0.13333333333333336,0.3,0.4,0.6833333333333333,0.0,5.666666666666666,5.0
443,0.5,0.4,0.3,0.3,0.4,0.6833333333333333,0.0,5.666666666666666,5.0
444,0.5,0.4,0.3,0.13333333333333336,0.4,0.6833333333333333,0.0,5.666666666666666,5.0
445,0.5,0.4,0.3,0.13333333333333336,0.4,0.6833333333333333,0.0,1.0,5.0
446,3.5,0.4,0.3,0.13333333333333336,0.4,0.6833333333333333,0.0,1.0,5.0
447,3.5,0.4,0.3,0.13333333333333336,0.4,0.6833333333333333,0.19999999999999998,1.0,5.0
448,3.5,0.4,0.3,0.13333333333333336,1.0,0.6833333333333333,0.19999999999999998,1.0,5.0
449,3.5,0.4,0.3,0.13333333333333336,1.0,0.05,0.19999999999999998,1.0,5.0
450,2.0,0.8,0.13333333333333336,0.3,0.7,0.3666666666666667,0.3,3.3333333333333335,0.5
451,2.0,0.8,0.3,0.3,0.7,0.3666666666666667,0.3,3.3333333333333335,0.5
452,2.0,0.8,0.3,0.3,0.7,0.3666666666666667,0.1,3.3333333333333335,0.5
453,2.0,0.8,0.3,0.3,0.1,0.3666666666666667,0.1,3.3333333333333335,0.5
454,2.0,0.4,0.3,0.3,0.1,0.3666666666666667,0.1,3.3333333333333335,0.5
455,2.0,0.4,0.3,0.3,0.1,0.3666666666666667,0.1,8.0,0.5
456,2.0,0.4,0.3,0.3,0.1,0.3666666666666667,0.1,8.0,3.5
457,2.0,0.4,0.3,0.3,0.1,1.0,0.1,8.0,3.5
458,5.0,0.4,0.3,0.3,0.1,1.0,0.1,8.0,3.5
459,5.0,0.4,0.3,0.13333333333333336,0.1,1.0,0.1,8.0,3.5
460,0.5,0.8,0.13333333333333336,0.21666666666666667,0.7,1.0,0.19999999999999998,3.3333333333333335,2.0
461,0.5,0.8,0.13333333333333336,0.21666666666666667,0.7,0.3666666666666667,0.19999999999999998,3.3333333333333335,2.0
462,0.5,0.8,0.13333333333333336,0.21666666666666667,0.7,0.3666666666666667,0.19999999999999998,8.0,2.0
463,0.5,0.8,0.13333333333333336,0.21666666666666667,0.7,0.3666666666666667,0.19999999999999998,8.0,5.0
464,0.5,0.8,0.13333333333333336,0.05,0.7,0.3666666666666667,0.19999999999999998,8.0,5.0
465,0.5,0.4,0.13333333333333336,0.05,0.7,0.3666666666666667,0.19999999999999998,8.0,5.0
466,0.5,0.4,0.13333333333333336,0.05,0.1,0.3666666666666667,0.19999999999999998,8.0,5.0
467,0.5,0.4,0.13333333333333336,0.05,0.1,0.3666666666666667,0.0,8.0,5.0
468,0.5,0.4,0.3,0.05,0.1,0.3666666666666667,0.0,8.0,5.0
469,3.5,0.4,0.3,0.05,0.1,0.3666666666666667,0.0,8.0,5.0
470,2.0,0.4,0.21666666666666667,0.13333333333333336,0.1,0.05,0.1,5.666666666666666,5.0
471,2.0,0.4,0.05,0.13333333333333336,0.1,0.05,0.1,5.666666666666666,5.0
472,2.0,0.4,0.05,0.13333333333333336,0.7,0.05,0.1,5.666666666666666,5.0
473,2.0,0.4,0.05,0.13333333333333336,0.7,0.6833333333333333,0.1,5.666666666666666,5.0
474,2.0,0.4,0.05,0.13333333333333336,0.7,0.6833333333333333,0.1,5.666666666666666,2.0
475,2.0,0.8,0.05,0.13333333333333336,0.7,0.6833333333333333,0.1,5.666666666666666,2.0
476,2.0,0.8,0.05,0.3,0.7,0.6833333333333333,0.1,5.666666666666666,2.0
477,2.0,0.8,0.05,0.3,0.7,0.6833333333333333,0.3,5.666666666666666,2.0
478,5.0,0.8,0.05,0.3,0.7,0.6833333333333333,0.3,5.666666666666666,2.0
479,5.0,0.8,0.05,0.3,0.7,0.6833333333333333,0.3,1.0,2.0
